--
-- Script was generated by Devart dbForge Data Generator for MySQL, Version 2.1.25.0
-- Product Home Page: http://www.devart.com/dbforge/mysql/data-generator
-- Script date 2018/10/14 22:42:10
-- Target server version: 5.5.60-MariaDB
-- Target connection string: User Id=wsxq;Host=master;Database=bus;Character Set=utf8
--



SET NAMES 'utf8';
USE bus;
--
-- Delete data from the table 'WeiZhang'
--
TRUNCATE TABLE WeiZhang;
--
-- Delete data from the table 'SiJi'
--
DELETE FROM SiJi;
--
-- Delete data from the table 'CheLiang'
--
DELETE FROM CheLiang;
--
-- Delete data from the table 'XianLu'
--
DELETE FROM XianLu;
--
-- Delete data from the table 'CheDui'
--
DELETE FROM CheDui;
--
-- Delete data from the table 'LuDuiZhang'
--
DELETE FROM LuDuiZhang;
--
-- Delete data from the table 'DuiZhang'
--
DELETE FROM DuiZhang;
--
-- Delete data from the table 'RenYuan'
--
DELETE FROM RenYuan;

--
-- Inserting data into table RenYuan
--
INSERT INTO RenYuan(gonghao, xingming, xingbie, zhiwei) VALUES
(1, '姚琨瑶', '男', '队长'),
(2, '冯晴田', '女', '司机'),
(3, '金韶仪', '女', '司机'),
(4, '夏国娟', '男', '司机'),
(5, '郝姮娥', '男', '路队长'),
(6, '钱智美', '女', '司机'),
(7, '董绮文', '男', '司机'),
(8, '于语心', '女', '司机'),
(9, '黄欣美', '女', '队长'),
(10, '范代容', '女', '司机'),
(11, '崔诗槐', '男', '司机'),
(12, '田冰蓝', '女', '司机'),
(13, '曹从南', '男', '司机'),
(14, '蒋彤云', '男', '司机'),
(15, '贺滇萍', '女', '司机'),
(16, '钟舒兰', '男', '司机'),
(17, '武若淑', '女', '司机'),
(18, '万韶敏', '男', '队长'),
(19, '任敏慧', '女', '路队长'),
(20, '蒋芸儿', '男', '司机'),
(21, '戴天音', '女', '路队长'),
(22, '江梓瑶', '男', '路队长'),
(23, '白笑妍', '男', '司机'),
(24, '尹恨桃', '男', '路队长'),
(25, '贾巧曼', '男', '司机'),
(26, '戴桃花', '男', '司机'),
(27, '白妍青', '女', '路队长'),
(28, '漕绿柏', '男', '司机'),
(29, '万丹溪', '男', '司机'),
(30, '李莉颖', '女', '司机'),
(31, '余文姝', '女', '司机'),
(32, '田水蓉', '男', '司机'),
(33, '尹淑婉', '男', '司机'),
(34, '于琇芬', '男', '司机'),
(35, '邵胜花', '男', '司机'),
(36, '彭初丹', '男', '司机'),
(37, '贾笑南', '女', '司机'),
(38, '常学英', '男', '路队长'),
(39, '朱寻文', '男', '司机'),
(40, '易悦人', '女', '司机'),
(41, '钟雁丝', '女', '司机'),
(42, '李逸致', '女', '队长'),
(43, '贺笑槐', '男', '司机'),
(44, '唐沛文', '男', '司机'),
(45, '郝雪冰', '男', '司机'),
(46, '苏秋蝶', '女', '路队长'),
(47, '许凡桃', '女', '司机'),
(48, '方语蓉', '男', '司机'),
(49, '宋萧曼', '女', '队长'),
(50, '孟沛凝', '男', '司机');

--
-- Inserting data into table DuiZhang
--
INSERT INTO DuiZhang(gonghao) VALUES
(30),
(8),
(50),
(25),
(3);

--
-- Inserting data into table LuDuiZhang
--
INSERT INTO LuDuiZhang(gonghao) VALUES
(7),
(26),
(34),
(50),
(2),
(8),
(32),
(40),
(48),
(3),
(9),
(27),
(35),
(14),
(33),
(28),
(46),
(23),
(29),
(41),
(4),
(20),
(49),
(10),
(36);

--
-- Inserting data into table CheDui
--
INSERT INTO CheDui(cheduibianhao, cheduiming, beizhuxinxi, duizhang) VALUES
(1, '飞虎队', NULL, 25),
(2, '高兴队', NULL, 8);

--
-- Inserting data into table XianLu
--
INSERT INTO XianLu(xianlubianhao, xianluming, beizhuxinxi, chedui, duizhang) VALUES
(1, '921路', NULL, 1, 50),
(2, '高校3号线', NULL, 2, 49),
(3, '922路', NULL, 2, 23),
(4, '916路', NULL, 1, 4),
(5, '4-16路', NULL, 2, 10),
(6, '高校1号线', NULL, 2, 26),
(7, '173路', NULL, 1, 14),
(8, '4-11路', NULL, 1, 28);

--
-- Inserting data into table CheLiang
--
INSERT INTO CheLiang(chepaihao, zuoshu, beizhuxinxi, xianlu) VALUES
('陕C27549', 41, NULL, 6),
('陕V18524', 32, NULL, 4),
('陕D90338', 80, NULL, 5),
('陕E97292', 88, NULL, 6),
('陕C29225', 21, NULL, 2),
('陕G83263', 50, NULL, 2),
('陕H55329', 83, NULL, 7),
('陕C83395', 30, NULL, 1),
('陕G03734', 53, NULL, 4),
('陕A91561', 32, NULL, 4),
('陕V15652', 63, NULL, 4),
('陕F09465', 73, NULL, 8),
('陕A08910', 85, NULL, 1),
('陕A36729', 37, NULL, 5),
('陕F64846', 70, NULL, 3),
('陕D60362', 73, NULL, 1),
('陕B44946', 30, NULL, 6),
('陕H84550', 43, NULL, 4),
('陕D87677', 29, NULL, 7),
('陕B96319', 33, NULL, 5),
('陕B22631', 75, NULL, 4),
('陕A93668', 77, NULL, 6),
('陕A42517', 42, NULL, 4),
('陕E25210', 76, NULL, 5),
('陕C44614', 91, NULL, 5),
('陕E07369', 45, NULL, 8),
('陕V94265', 97, NULL, 7),
('陕C12101', 52, NULL, 7),
('陕C43656', 71, NULL, 5),
('陕K86604', 62, NULL, 2),
('陕G29701', 29, NULL, 7),
('陕G84305', 88, NULL, 2),
('陕E02383', 21, NULL, 7),
('陕C17006', 92, NULL, 1),
('陕A61515', 64, NULL, 2),
('陕K87529', 85, NULL, 4),
('陕G22057', 75, NULL, 1),
('陕H91152', 68, NULL, 7),
('陕D03692', 53, NULL, 8),
('陕H41563', 30, NULL, 2),
('陕F38757', 81, NULL, 2),
('陕A12653', 31, NULL, 1),
('陕G18897', 98, NULL, 5),
('陕C64256', 87, NULL, 2),
('陕H10788', 42, NULL, 1),
('陕B25266', 49, NULL, 2),
('陕D68215', 74, NULL, 5),
('陕J01201', 65, NULL, 7),
('陕C27011', 47, NULL, 5),
('陕E24926', 89, NULL, 8);

--
-- Inserting data into table SiJi
--
INSERT INTO SiJi(gonghao, xianlu) VALUES
(13, 2),
(24, 5),
(50, 8),
(30, 7),
(19, 5),
(42, 8),
(49, 8),
(37, 2),
(9, 4),
(43, 8),
(38, 6),
(14, 6),
(25, 2),
(4, 7),
(44, 7),
(10, 1),
(20, 5),
(5, 4),
(39, 2),
(34, 2),
(31, 6),
(11, 7),
(6, 1),
(1, 5),
(26, 8),
(47, 6),
(15, 6),
(32, 4),
(40, 6),
(45, 5),
(48, 8),
(7, 3),
(21, 8),
(2, 6),
(35, 6),
(27, 2),
(16, 5),
(22, 2),
(8, 6),
(17, 6);

--
-- Inserting data into table WeiZhang
--
INSERT INTO WeiZhang(ID, zhandian, shijian, weizhangleixin, cheliang, siji) VALUES
(1, '郑家村', '2018-01-01 00:00:02', '压线', '陕H84550', 21),
(2, '枸杞赵', '2018-03-12 10:15:54', '闯红灯', '陕C27549', 50),
(3, '赵村西', '2018-08-11 10:36:35', '压线', '陕B25266', 50),
(4, '张家堡南街', '2018-01-01 01:40:13', '违章停车', '陕V15652', 40),
(5, '嘴头', '2018-01-01 00:00:04', '未礼让斑马线', '陕G22057', 5),
(6, '子午大道南口', '2018-10-10 14:23:26', '未礼让斑马线', '陕G83263', 32),
(7, '再生资源市场', '2018-01-31 10:01:44', '违章停车', '陕B96319', 22),
(8, '钟楼', '2018-03-03 03:44:05', '违章停车', '陕B96319', 10),
(9, '朱宏堡', '2018-07-09 23:37:59', '压线', '陕A93668', 22),
(10, '止阳村', '2018-04-06 17:18:17', '压线', '陕G84305', 31),
(11, '钟楼(北)', '2018-01-01 00:09:49', '压线', '陕A91561', 20),
(12, '朱宏路机电市场', '2018-02-03 18:22:01', '闯红灯', '陕D60362', 34),
(13, '子午建材商城', '2018-01-01 00:00:58', '未礼让斑马线', '陕G83263', 14),
(14, '朱宏路', '2018-01-19 10:31:09', '未礼让斑马线', '陕A61515', 37),
(15, '钟楼(东)', '2018-02-15 07:53:42', '违章停车', '陕B44946', 43),
(16, '朱宏桥东', '2018-01-01 00:13:13', '违章停车', '陕A08910', 20),
(17, '丈八二路南段', '2018-01-01 02:23:33', '压线', '陕G18897', 25),
(18, '子午路', '2018-02-10 05:52:48', '违章停车', '陕C83395', 1),
(19, '朱宏路(朱红立交北)', '2018-04-27 10:28:45', '违章停车', '陕C12101', 50),
(20, '朱雀门', '2018-06-21 11:59:25', '压线', '陕C17006', 7),
(21, '张家堡西', '2018-01-01 00:16:33', '未礼让斑马线', '陕E07369', 5),
(22, '枣园', '2018-01-01 02:07:36', '压线', '陕H10788', 37),
(23, '郑家寺', '2018-06-26 17:35:41', '违章停车', '陕F64846', 11),
(24, '赵家村', '2018-01-01 00:00:08', '违章停车', '陕H10788', 15),
(25, '止园饭店', '2018-08-02 17:39:40', '违章停车', '陕A91561', 32),
(26, '张家堡西(盐张村)', '2018-05-14 10:14:13', '违章停车', '陕C64256', 21),
(27, '丈八六路', '2018-06-07 22:35:18', '压线', '陕G83263', 17),
(28, '政法大学南区', '2018-08-28 16:37:02', '压线', '陕C17006', 22),
(29, '纸坊村', '2018-05-17 12:38:54', '压线', '陕C12101', 34),
(30, '赵坡桥', '2018-10-04 03:28:25', '违章停车', '陕C44614', 45),
(31, '枣园刘村', '2018-01-01 00:00:01', '未礼让斑马线', '陕B96319', 32),
(32, '丈八六路南段', '2018-01-01 00:01:40', '压线', '陕V15652', 35),
(33, '子午峪', '2018-06-15 02:55:41', '违章停车', '陕C83395', 47),
(34, '张家堡新区', '2018-01-01 00:00:40', '未礼让斑马线', '陕C83395', 37),
(35, '钟楼(东,骡马市)', '2018-08-09 08:16:14', '压线', '陕E07369', 20),
(36, '朱宏路(朱宏立交北)', '2018-01-01 00:06:37', '未礼让斑马线', '陕C12101', 39),
(37, '朱雀森林公园', '2018-03-30 07:56:55', '未礼让斑马线', '陕C29225', 27),
(38, '政法大学南校区', '2018-05-12 17:30:30', '违章停车', '陕B96319', 35),
(39, '纸筋厂', '2018-06-25 19:02:05', '未礼让斑马线', '陕H84550', 38),
(40, '枣园小区', '2018-01-01 00:00:10', '未礼让斑马线', '陕G83263', 19),
(41, '赵西村', '2018-03-29 02:54:58', '违章停车', '陕E97292', 35),
(42, '子午镇', '2018-06-27 16:55:26', '违章停车', '陕E07369', 17),
(43, '竹园村', '2018-04-11 09:56:33', '压线', '陕A12653', 39),
(44, '钟楼(南)', '2018-01-01 00:01:21', '压线', '陕E02383', 27),
(45, '政法干校', '2018-06-15 20:30:11', '违章停车', '陕H55329', 45),
(46, '张家村', '2018-01-01 00:01:44', '压线', '陕H84550', 7),
(47, '中交西筑', '2018-01-01 00:05:01', '闯红灯', '陕C29225', 1),
(48, '钟楼(西)', '2018-01-01 00:00:07', '违章停车', '陕C17006', 1),
(49, '紫薇B区', '2018-08-08 02:52:59', '未礼让斑马线', '陕F09465', 19),
(50, '丈八七路南段', '2018-04-25 20:22:02', '违章停车', '陕C27011', 14);